id_dataset,method,ood,rmds_auroc_mean,rmds_auroc_std,n
cifar10,CE,svhn,0.8372,0.0188,3
cifar10,CE,lsun_c,0.9192,0.0069,3
cifar10,CE,cifar100,0.8639,0.0008,3
cifar10,CE,tinyimagenet,0.8650,0.0005,3
cifar10,LogitNorm-CE,svhn,0.8997,0.0091,3
cifar10,LogitNorm-CE,lsun_c,0.9374,0.0020,3
cifar10,LogitNorm-CE,cifar100,0.8736,0.0011,3
cifar10,LogitNorm-CE,tinyimagenet,0.8770,0.0022,3
cifar10,VanillaKD,svhn,0.8698,0.0177,3
cifar10,VanillaKD,lsun_c,0.9515,0.0014,3
cifar10,VanillaKD,cifar100,0.8518,0.0037,3
cifar10,VanillaKD,tinyimagenet,0.8493,0.0027,3
cifar10,DKD,svhn,0.8844,0.0213,3
cifar10,DKD,lsun_c,0.9219,0.0051,3
cifar10,DKD,cifar100,0.8659,0.0016,3
cifar10,DKD,tinyimagenet,0.8658,0.0012,3
cifar10,Feat-MSE,svhn,0.8613,0.0059,3
cifar10,Feat-MSE,lsun_c,0.9350,0.0037,3
cifar10,Feat-MSE,cifar100,0.8713,0.0013,3
cifar10,Feat-MSE,tinyimagenet,0.8722,0.0007,3
cifar10,Cosine-Feat,svhn,0.8453,0.0242,3
cifar10,Cosine-Feat,lsun_c,0.9340,0.0008,3
cifar10,Cosine-Feat,cifar100,0.8642,0.0015,3
cifar10,Cosine-Feat,tinyimagenet,0.8683,0.0017,3
cifar10,LogitNormKD,svhn,0.9042,0.0065,3
cifar10,LogitNormKD,lsun_c,0.9244,0.0045,3
cifar10,LogitNormKD,cifar100,0.8627,0.0011,3
cifar10,LogitNormKD,tinyimagenet,0.8674,0.0017,3
